image_filename,tags,raw_output,timestamp,success
01-street-meditation-couple.jpg,"couple, bench, city street, winter, daytime, sitting, smiling, relaxed"," couple, bench, city street, winter, daytime, sitting, smiling, relaxed ",2025-06-24T18:13:05-04:00,true
02-graffiti-skate-park.jpg,"person, skateboard, graffiti, urban, indoor, concrete, metal, abandoned, empty, dark, cold, solitary, contemplative, moody, gritty"," person, skateboard, graffiti, urban, indoor, concrete, metal, abandoned, empty, dark, cold, solitary, contemplative, moody, gritty ",2025-06-24T18:13:08-04:00,true
03-belgian-stew-fries.jpg,"food, plate, meat, fries, sauce, table, fork, knife, napkin, restaurant, dining, meal, dinner, evening, indoor, casual, relaxed, social, dining experience, cuisine, beef, potatoes, gravy, ketchup, condiments, glass, bottle, beverage, dining table, cutlery, utensils, dining set, dining room, dining area, dining space, dining establishment, dining service, dining ambiance, dining setting, dining environment, dining atmosphere"," food, plate, meat, fries, sauce, table, fork, knife, napkin, restaurant, dining, meal, dinner, evening, indoor, casual, relaxed, social, dining experience, cuisine, beef, potatoes, gravy, ketchup, condiments, glass, bottle, beverage, dining table, cutlery, utensils, dining set, dining room, dining area, dining space, dining establishment, dining service, dining ambiance, dining setting, dining environment, dining atmosphere ",2025-06-24T18:13:11-04:00,true
04-cheese-fondue-dinner.jpg,"food, drink, dining table, person, restaurant, meal, beer, wine glass, fork, knife, cheese, bread, sauce, pizza, fries, hot dog, ketchup, mustard, napkin, plate, bowl, spoon, cup, saucer, menu, receipt, money, change, tip, service, waiter, customer, casual, relaxed, social, gathering, party, celebration, dining, eating, drinking, leisure, enjoyment, indulgence, comfort food, fast food, snack, appetizer, main course, dessert, restaurant interior, lighting, ambiance, evening, night, indoor, cozy, warm, inviting, friendly, socializing, conversation, laughter, fun, entertainment, relaxed atmosphere, casual dining, informal meal"," food, drink, dining table, person, restaurant, meal, beer, wine glass, fork, knife, cheese, bread, sauce, pizza, fries, hot dog, ketchup, mustard, napkin, plate, bowl, spoon, cup, saucer, menu, receipt, money, change, tip, service, waiter, customer, casual, relaxed, social, gathering, party, celebration, dining, eating, drinking, leisure, enjoyment, indulgence, comfort food, fast food, snack, appetizer, main course, dessert, restaurant interior, lighting, ambiance, evening, night, indoor, cozy, warm, inviting, friendly, socializing, conversation, laughter, fun, entertainment, relaxed atmosphere, casual dining, informal meal ",2025-06-24T18:13:16-04:00,true
05-snowboarders-mountain-rest.jpg,"snowboarders, skiers, winter sports, group, mountain, snowy, cold, outdoor, recreation, camaraderie, leisure, adventure, fun, excitement, socializing, friends, skiing, snowboarding, winter clothing, goggles, helmets, gloves, boots, warm, cozy, vibrant, colorful, bright, cheerful, energetic, lively, joyful, exhilarating, thrilling, picturesque, scenic, breathtaking, majestic, serene, tranquil, peaceful, beautiful, stunning, awe-inspiring, captivating, inspiring, motivational, adventurous, spirited, youthful, dynamic, active, engaging, social, bonding, teamwork, camaraderie, shared experience, adventure seekers, winter enthusiasts, mountain lovers, outdoor enthusiasts, recreational activities, sports, leisure time, friends gathering, group of people, snowboarders and skiers, winter sports equipment, snowboards, skis, helmets, goggles, gloves, boots, warm clothing, cold weather, snowy environment, mountain top, ski resort, winter vacation, winter getaway, winter escape, winter retreat, winter holiday, winter adventure, winter fun, winter excitement, winter joy, winter thrill, winter chill, winter wonderland, winter landscape, winter scenery, winter atmosphere, winter mood, winter vibe, winter spirit, winter ambiance, winter setting, winter backdrop, winter background, winter foreground, winter midground, winter near background, winter far background, winter close up, winter long shot, winter group photo, winter team photo, winter friends photo, winter family photo, winter couple photo, winter solo photo, winter landscape photo, winter mountain top photo, winter ski resort photo, winter vacation photo, winter getaway photo, winter escape photo, winter retreat photo, winter holiday photo, winter adventure photo, winter fun photo, winter excitement photo, winter joy photo, winter thrill photo, winter chill photo, winter wonderland photo, winter landscape photo, winter scenery photo, winter atmosphere photo, winter mood photo, winter vibe photo, winter spirit photo, winter ambiance photo, winter setting photo, winter backdrop photo, winter background photo, winter foreground photo, winter midground photo, winter near background photo, winter far background"," snowboarders, skiers, winter sports, group, mountain, snowy, cold, outdoor, recreation, camaraderie, leisure, adventure, fun, excitement, socializing, friends, skiing, snowboarding, winter clothing, goggles, helmets, gloves, boots, warm, cozy, vibrant, colorful, bright, cheerful, energetic, lively, joyful, exhilarating, thrilling, picturesque, scenic, breathtaking, majestic, serene, tranquil, peaceful, beautiful, stunning, awe-inspiring, captivating, inspiring, motivational, adventurous, spirited, youthful, dynamic, active, engaging, social, bonding, teamwork, camaraderie, shared experience, adventure seekers, winter enthusiasts, mountain lovers, outdoor enthusiasts, recreational activities, sports, leisure time, friends gathering, group of people, snowboarders and skiers, winter sports equipment, snowboards, skis, helmets, goggles, gloves, boots, warm clothing, cold weather, snowy environment, mountain top, ski resort, winter vacation, winter getaway, winter escape, winter retreat, winter holiday, winter adventure, winter fun, winter excitement, winter joy, winter thrill, winter chill, winter wonderland, winter landscape, winter scenery, winter atmosphere, winter mood, winter vibe, winter spirit, winter ambiance, winter setting, winter backdrop, winter background, winter foreground, winter midground, winter near background, winter far background, winter close up, winter long shot, winter group photo, winter team photo, winter friends photo, winter family photo, winter couple photo, winter solo photo, winter landscape photo, winter mountain top photo, winter ski resort photo, winter vacation photo, winter getaway photo, winter escape photo, winter retreat photo, winter holiday photo, winter adventure photo, winter fun photo, winter excitement photo, winter joy photo, winter thrill photo, winter chill photo, winter wonderland photo, winter landscape photo, winter scenery photo, winter atmosphere photo, winter mood photo, winter vibe photo, winter spirit photo, winter ambiance photo, winter setting photo, winter backdrop photo, winter background photo, winter foreground photo, winter midground photo, winter near background photo, winter far background",2025-06-24T18:13:36-04:00,true
06-alpine-trail-hiker.jpg,"camping, forest, outdoor, nature, picnic, two people, sitting, enjoying, barbecue, grill, trees, green, pine, mountainous, clear sky, daytime"," camping, forest, outdoor, nature, picnic, two people, sitting, enjoying, barbecue, grill, trees, green, pine, mountainous, clear sky, daytime ",2025-06-24T18:13:40-04:00,true
07-restaurant-group-dinner.jpg,"social gathering, restaurant, group photo, casual attire, dining table, food, drinks, smartphones, social media, indoor setting, evening, relaxed atmosphere"," social gathering, restaurant, group photo, casual attire, dining table, food, drinks, smartphones, social media, indoor setting, evening, relaxed atmosphere ",2025-06-24T18:13:42-04:00,true
08-neon-bar-friends.jpg,"group, people, socializing, outdoor, nighttime, purple lighting, winter, casual, relaxed, friendly, warm, cozy, gathering, leisure, enjoyment, camaraderie, cold, snowy, festive, holiday, celebration, party, dining, drinks, table, bench, seating, food, beverages, atmosphere, social, community, togetherness, cheerful, happy, positive, inviting, comfortable, warm-toned, cool-toned, colorful, vibrant, lively, convivial, sociable, friendly, welcoming, cozy, intimate, relaxed, leisurely, pleasant, enjoyable, cheerful, happy, positive, inviting, comfortable, warm, cozy, festive, holiday, celebration, party, dining, drinks, table, bench, seating, food, beverages, atmosphere, social, community, togetherness, cheerful, happy, positive, inviting, comfortable, warm, cozy, vibrant, lively, convivial, sociable, friendly, welcoming, cozy, intimate, relaxed, leisurely, pleasant, enjoyable, cheerful, happy, positive, inviting, comfortable, warm, cozy, festive, holiday, celebration, party, dining, drinks, table, bench, seating, food, beverages, atmosphere, social, community, togetherness, cheerful, happy, positive, inviting, comfortable, warm, cozy, vibrant, lively, convivial, sociable, friendly, welcoming, cozy, intimate, relaxed, leisurely, pleasant, enjoyable, cheerful, happy, positive, inviting, comfortable, warm, cozy, festive, holiday, celebration, party, dining, drinks, table, bench, seating, food, beverages, atmosphere, social, community, togetherness, cheerful, happy, positive, inviting, comfortable, warm, cozy, vibrant, lively, convivial, sociable, friendly, welcoming, cozy, intimate, relaxed, leisurely, pleasant, enjoyable, cheerful, happy, positive, inviting, comfortable, warm, cozy, festive, holiday, celebration, party, dining, drinks, table, bench, seating, food, beverages, atmosphere, social, community, togetherness, cheerful,"," group, people, socializing, outdoor, nighttime, purple lighting, winter, casual, relaxed, friendly, warm, cozy, gathering, leisure, enjoyment, camaraderie, cold, snowy, festive, holiday, celebration, party, dining, drinks, table, bench, seating, food, beverages, atmosphere, social, community, togetherness, cheerful, happy, positive, inviting, comfortable, warm-toned, cool-toned, colorful, vibrant, lively, convivial, sociable, friendly, welcoming, cozy, intimate, relaxed, leisurely, pleasant, enjoyable, cheerful, happy, positive, inviting, comfortable, warm, cozy, festive, holiday, celebration, party, dining, drinks, table, bench, seating, food, beverages, atmosphere, social, community, togetherness, cheerful, happy, positive, inviting, comfortable, warm, cozy, vibrant, lively, convivial, sociable, friendly, welcoming, cozy, intimate, relaxed, leisurely, pleasant, enjoyable, cheerful, happy, positive, inviting, comfortable, warm, cozy, festive, holiday, celebration, party, dining, drinks, table, bench, seating, food, beverages, atmosphere, social, community, togetherness, cheerful, happy, positive, inviting, comfortable, warm, cozy, vibrant, lively, convivial, sociable, friendly, welcoming, cozy, intimate, relaxed, leisurely, pleasant, enjoyable, cheerful, happy, positive, inviting, comfortable, warm, cozy, festive, holiday, celebration, party, dining, drinks, table, bench, seating, food, beverages, atmosphere, social, community, togetherness, cheerful, happy, positive, inviting, comfortable, warm, cozy, vibrant, lively, convivial, sociable, friendly, welcoming, cozy, intimate, relaxed, leisurely, pleasant, enjoyable, cheerful, happy, positive, inviting, comfortable, warm, cozy, festive, holiday, celebration, party, dining, drinks, table, bench, seating, food, beverages, atmosphere, social, community, togetherness, cheerful,",2025-06-24T18:14:01-04:00,true
09-record-store-group-photo.jpg,"group, friends, celebration, bookstore, library, indoor, evening, casual, relaxed, happy, joyful, social, gathering, party, photo opportunity, selfie, smiling, posing, standing, sitting, behind bar, bookshelves, colorful, vibrant, lively, cheerful, friendly, welcoming, cozy, warm, inviting, comfortable, fun, entertaining, leisurely, informal, laid-back, socializing, enjoying time together"," group, friends, celebration, bookstore, library, indoor, evening, casual, relaxed, happy, joyful, social, gathering, party, photo opportunity, selfie, smiling, posing, standing, sitting, behind bar, bookshelves, colorful, vibrant, lively, cheerful, friendly, welcoming, cozy, warm, inviting, comfortable, fun, entertaining, leisurely, informal, laid-back, socializing, enjoying time together ",2025-06-24T18:14:08-04:00,true
10-alpine-peaks-vista.jpg,"landscape, mountains, snow, clouds, sky, blue, white, green, rocky, peak, summit, high altitude, outdoor, nature, scenic, travel, vacation, adventure, hiking, skiing, winter, cold, daytime, clear"," landscape, mountains, snow, clouds, sky, blue, white, green, rocky, peak, summit, high altitude, outdoor, nature, scenic, travel, vacation, adventure, hiking, skiing, winter, cold, daytime, clear ",2025-06-24T18:14:12-04:00,true
11-blue-sneakers-blacklight.jpg,"shoes, sneakers, purple, blue, green, black, white, person, feet, sitting, purple light, dark background, indoor, nighttime, casual, relaxed"," shoes, sneakers, purple, blue, green, black, white, person, feet, sitting, purple light, dark background, indoor, nighttime, casual, relaxed ",2025-06-24T18:14:14-04:00,true
12-winter-jackets-uv-light.jpg,"person, man, woman, couple, night, evening, dark, lit, indoor, outdoor, building, street, sign, light, lights, christmas, decoration, tree, snow, cold, warm, jacket, coat, scarf, hat, gloves, bag, purse, shoes, boots, smile, happy, joy, celebration, party, festive, holiday, gift, beer, bottle, glass, cup, food, drink, social, gathering, event, fun, laughter, conversation, interaction, photo, picture, selfie, camera, phone, technology, modern, contemporary, urban, city, street, sidewalk, building, architecture, design, art, culture, people, human, life, living, togetherness, companionship, friendship, love, romance, relationship, family, child, children, baby, babies, home, house, houses, neighborhood, community, society, world, globe, travel, vacation, tourism, destination, location, weather, rain, snow, ice, cold, hot, warm, cool, temperature, season, winter, spring, summer, fall, autumn, time, day, night, morning, afternoon, evening, late, early, bright, dark, colorful, vibrant, lively, energetic, calm, peaceful, serene, tranquil, quiet, still, motion, movement, action, emotion, feeling, mood, atmosphere, ambiance, setting, scene, photo, picture, selfie, camera, phone, technology, modern, contemporary, urban, city, street, sidewalk, building, architecture, design, art, culture, people, human, life, living, togetherness, companionship, friendship, love, romance, relationship, family, child, children, baby, babies, home, house, houses, neighborhood, community, society, world, globe, travel, vacation, tourism, destination, location, weather, rain, snow, ice, cold, hot, warm, cool, temperature, season, winter, spring, summer, fall, autumn, time, day, night, morning, afternoon, evening, late, early, bright, dark, colorful, vibrant, lively, energetic, calm, peaceful, serene, tranquil, quiet, still, motion, movement, action, emotion, feeling, mood, atmosphere, ambiance, setting, scene, photo, picture, selfie, camera,"," person, man, woman, couple, night, evening, dark, lit, indoor, outdoor, building, street, sign, light, lights, christmas, decoration, tree, snow, cold, warm, jacket, coat, scarf, hat, gloves, bag, purse, shoes, boots, smile, happy, joy, celebration, party, festive, holiday, gift, beer, bottle, glass, cup, food, drink, social, gathering, event, fun, laughter, conversation, interaction, photo, picture, selfie, camera, phone, technology, modern, contemporary, urban, city, street, sidewalk, building, architecture, design, art, culture, people, human, life, living, togetherness, companionship, friendship, love, romance, relationship, family, child, children, baby, babies, home, house, houses, neighborhood, community, society, world, globe, travel, vacation, tourism, destination, location, weather, rain, snow, ice, cold, hot, warm, cool, temperature, season, winter, spring, summer, fall, autumn, time, day, night, morning, afternoon, evening, late, early, bright, dark, colorful, vibrant, lively, energetic, calm, peaceful, serene, tranquil, quiet, still, motion, movement, action, emotion, feeling, mood, atmosphere, ambiance, setting, scene, photo, picture, selfie, camera, phone, technology, modern, contemporary, urban, city, street, sidewalk, building, architecture, design, art, culture, people, human, life, living, togetherness, companionship, friendship, love, romance, relationship, family, child, children, baby, babies, home, house, houses, neighborhood, community, society, world, globe, travel, vacation, tourism, destination, location, weather, rain, snow, ice, cold, hot, warm, cool, temperature, season, winter, spring, summer, fall, autumn, time, day, night, morning, afternoon, evening, late, early, bright, dark, colorful, vibrant, lively, energetic, calm, peaceful, serene, tranquil, quiet, still, motion, movement, action, emotion, feeling, mood, atmosphere, ambiance, setting, scene, photo, picture, selfie, camera,",2025-06-24T18:14:41-04:00,true
13-couple-train-selfie.jpg,"couple, train, sitting, smiling, relaxed, daytime, indoors"," couple, train, sitting, smiling, relaxed, daytime, indoors ",2025-06-24T18:14:44-04:00,true
14-freddie-mercury-statue.jpg,"statue, person, plaque, park, grass, sidewalk, monument, bronze, outdoor, daytime, clear"," statue, person, plaque, park, grass, sidewalk, monument, bronze, outdoor, daytime, clear ",2025-06-24T18:14:46-04:00,true
15-red-eyes-costume-display.jpg,"red, suit, mannequin, display, store, clothing, fashion, retail, interior, lighted, indoor, showcase, vibrant, colorful, eye-catching, festive, cheerful, commercial, merchandise"," red, suit, mannequin, display, store, clothing, fashion, retail, interior, lighted, indoor, showcase, vibrant, colorful, eye-catching, festive, cheerful, commercial, merchandise ",2025-06-24T18:14:48-04:00,true
16-highland-cattle-pen.jpg,"cows, animals, nature, rural, landscape, pasture, field, horns, long hair, brown, green, yellow, white, fence, grass, dirt, sky, daytime, calm, peaceful"," cows, animals, nature, rural, landscape, pasture, field, horns, long hair, brown, green, yellow, white, fence, grass, dirt, sky, daytime, calm, peaceful ",2025-06-24T18:14:51-04:00,true
17-european-town-rooftop-view.jpg,"cityscape, architecture, brickwork, bridge, urban decay, destruction, historical building, perspective distortion, colorful, daytime, overcast"," cityscape, architecture, brickwork, bridge, urban decay, destruction, historical building, perspective distortion, colorful, daytime, overcast ",2025-06-24T18:14:53-04:00,true
18-poppy-seed-cake-slices.jpg,"pastries, bread, cinnamon, sugar, food, dessert, bakery, display"," pastries, bread, cinnamon, sugar, food, dessert, bakery, display ",2025-06-24T18:14:54-04:00,true
19-louvre-pyramid-courtyard.jpg,"Paris, Louvre Museum, rainy day, tourists, walking, wet ground, historic architecture, cityscape, gray sky, urban setting, cultural landmark, famous monument, people visiting, overcast weather, stone buildings, modern art, museum square, city life, tourism, travel destination, European city, rainy afternoon"," Paris, Louvre Museum, rainy day, tourists, walking, wet ground, historic architecture, cityscape, gray sky, urban setting, cultural landmark, famous monument, people visiting, overcast weather, stone buildings, modern art, museum square, city life, tourism, travel destination, European city, rainy afternoon ",2025-06-24T18:14:58-04:00,true
20-woman-admiring-classical-statue.jpg,"woman, statue, museum, indoor, marble, classical, art, history, ancient, sculpture, tourism, education, cultural, architecture, historical, artistic, human, female, smiling, looking up, admiration, appreciation, curiosity, contemplation, knowledge, learning, intellectual, academic, casual, relaxed, comfortable, modern, contemporary, photography, selfie, social media, sharing, communication, personal, individual, unique, special, memorable, experience, visit, exploration, discovery, enrichment, cultural exchange, travel, leisure, recreation, hobby, passion, interest, appreciation, respect, admiration, curiosity, fascination, wonder, inspiration, creativity, aesthetic, beauty, artistry, craftsmanship, skill, talent, professionalism, expertise, knowledgeable, informed, educated, well-read, well-versed, well-informed, well-educated, well-rounded, open-minded, curious, inquisitive, eager to learn, thirst for knowledge, intellectual curiosity, academic pursuit, lifelong learning, personal growth, self-improvement, exploration of the world, appreciation of art and history, cultural exchange, travel, leisure, recreation, hobby, passion, interest, appreciation, respect, admiration, curiosity, fascination, wonder, inspiration, creativity, aesthetic, beauty, artistry, craftsmanship, skill, talent, professionalism, expertise, knowledgeable, informed, educated, well-read, well-versed, well-informed, well-educated, well-rounded, open-minded, curious, inquisitive, eager to learn, thirst for knowledge, intellectual curiosity, academic pursuit, lifelong learning, personal growth, self-improvement, exploration of the world, appreciation of art and history, cultural exchange, travel, leisure, recreation, hobby, passion, interest, appreciation, respect, admiration, curiosity, fascination, wonder, inspiration, creativity, aesthetic, beauty, artistry, craftsmanship, skill, talent, professionalism, expertise, knowledgeable, informed, educated, well-read, well-versed, well-informed, well-educated, well-rounded, open-minded, curious, inquisitive, eager to learn, thirst for knowledge, intellectual curiosity, academic pursuit, lifelong learning, personal"," woman, statue, museum, indoor, marble, classical, art, history, ancient, sculpture, tourism, education, cultural, architecture, historical, artistic, human, female, smiling, looking up, admiration, appreciation, curiosity, contemplation, knowledge, learning, intellectual, academic, casual, relaxed, comfortable, modern, contemporary, photography, selfie, social media, sharing, communication, personal, individual, unique, special, memorable, experience, visit, exploration, discovery, enrichment, cultural exchange, travel, leisure, recreation, hobby, passion, interest, appreciation, respect, admiration, curiosity, fascination, wonder, inspiration, creativity, aesthetic, beauty, artistry, craftsmanship, skill, talent, professionalism, expertise, knowledgeable, informed, educated, well-read, well-versed, well-informed, well-educated, well-rounded, open-minded, curious, inquisitive, eager to learn, thirst for knowledge, intellectual curiosity, academic pursuit, lifelong learning, personal growth, self-improvement, exploration of the world, appreciation of art and history, cultural exchange, travel, leisure, recreation, hobby, passion, interest, appreciation, respect, admiration, curiosity, fascination, wonder, inspiration, creativity, aesthetic, beauty, artistry, craftsmanship, skill, talent, professionalism, expertise, knowledgeable, informed, educated, well-read, well-versed, well-informed, well-educated, well-rounded, open-minded, curious, inquisitive, eager to learn, thirst for knowledge, intellectual curiosity, academic pursuit, lifelong learning, personal growth, self-improvement, exploration of the world, appreciation of art and history, cultural exchange, travel, leisure, recreation, hobby, passion, interest, appreciation, respect, admiration, curiosity, fascination, wonder, inspiration, creativity, aesthetic, beauty, artistry, craftsmanship, skill, talent, professionalism, expertise, knowledgeable, informed, educated, well-read, well-versed, well-informed, well-educated, well-rounded, open-minded, curious, inquisitive, eager to learn, thirst for knowledge, intellectual curiosity, academic pursuit, lifelong learning, personal",2025-06-24T18:15:11-04:00,true
21-jeweled-royal-crown-display.jpg,"crown, jewelry, display, glass case, museum, crystal, gemstone, royalty, luxury, antique, intricate, sparkling, colorful, historical, valuable, people, crowd, observation, admiration, curiosity, fascination, awe, opulence, elegance, grandeur, celebration, tradition, cultural, artifact, exhibit, exhibition, interior, decoration, architecture, ornate, rich, detailed, craftsmanship, precious, expensive, tourism, photography, social media, sharing, appreciation, commentary, discussion, education, inspiration, pride, patriotism, nostalgia, admiration, respect, fascination, curiosity, wonder, amazement, awe, inspiration, creativity, innovation, progress, history, heritage, culture, tradition, art, craftsmanship, skill, talent, passion, dedication, hard work, success, achievement, recognition, appreciation, gratitude, thankfulness, happiness, joy, excitement, anticipation, curiosity, exploration, discovery, learning, knowledge, understanding, enlightenment, awareness, consciousness, mindfulness, self-awareness, personal growth, development, improvement, progress, evolution, transformation, change, adaptation, resilience, perseverance, determination, courage, bravery, strength, power, leadership, management, teamwork, collaboration, communication, negotiation, conflict resolution, problem-solving, critical thinking, creativity, innovation, research, development, testing, quality assurance, user experience, user interface, design, aesthetics, visual appeal, beauty, artistry, craftsmanship, skill, talent, passion, dedication, hard work, success, achievement, recognition, appreciation, gratitude, thankfulness, happiness, joy, excitement, anticipation, curiosity, exploration, discovery, learning, knowledge, understanding, enlightenment, awareness, consciousness, mindfulness, self-awareness, personal growth, development, improvement, progress, evolution, transformation, change, adaptation, resilience, perseverance, determination, courage, bravery, strength, power, leadership, management, teamwork, collaboration, communication, negotiation, conflict resolution, problem-solving, critical thinking, creativity, innovation, research, development, testing, quality assurance, user experience, user interface, design, aesthetics, visual appeal, beauty, artistry, craftsmans"," crown, jewelry, display, glass case, museum, crystal, gemstone, royalty, luxury, antique, intricate, sparkling, colorful, historical, valuable, people, crowd, observation, admiration, curiosity, fascination, awe, opulence, elegance, grandeur, celebration, tradition, cultural, artifact, exhibit, exhibition, interior, decoration, architecture, ornate, rich, detailed, craftsmanship, precious, expensive, tourism, photography, social media, sharing, appreciation, commentary, discussion, education, inspiration, pride, patriotism, nostalgia, admiration, respect, fascination, curiosity, wonder, amazement, awe, inspiration, creativity, innovation, progress, history, heritage, culture, tradition, art, craftsmanship, skill, talent, passion, dedication, hard work, success, achievement, recognition, appreciation, gratitude, thankfulness, happiness, joy, excitement, anticipation, curiosity, exploration, discovery, learning, knowledge, understanding, enlightenment, awareness, consciousness, mindfulness, self-awareness, personal growth, development, improvement, progress, evolution, transformation, change, adaptation, resilience, perseverance, determination, courage, bravery, strength, power, leadership, management, teamwork, collaboration, communication, negotiation, conflict resolution, problem-solving, critical thinking, creativity, innovation, research, development, testing, quality assurance, user experience, user interface, design, aesthetics, visual appeal, beauty, artistry, craftsmanship, skill, talent, passion, dedication, hard work, success, achievement, recognition, appreciation, gratitude, thankfulness, happiness, joy, excitement, anticipation, curiosity, exploration, discovery, learning, knowledge, understanding, enlightenment, awareness, consciousness, mindfulness, self-awareness, personal growth, development, improvement, progress, evolution, transformation, change, adaptation, resilience, perseverance, determination, courage, bravery, strength, power, leadership, management, teamwork, collaboration, communication, negotiation, conflict resolution, problem-solving, critical thinking, creativity, innovation, research, development, testing, quality assurance, user experience, user interface, design, aesthetics, visual appeal, beauty, artistry, craftsmans",2025-06-24T18:15:27-04:00,true
22-catacomb-skull-bone-wall.jpg,"skulls, bones, skeleton, dark, underground, eerie, macabre, ominous, sepia"," skulls, bones, skeleton, dark, underground, eerie, macabre, ominous, sepia ",2025-06-24T18:15:28-04:00,true
23-catacomb-ossuary-plaque.jpg,"sign, french, graveyard, skulls, historical, commemorative, stone, text, foreign language, cemetery, dark, old, solemn, quiet"," ""sign, french, graveyard, skulls, historical, commemorative, stone, text, foreign language, cemetery, dark, old, solemn, quiet"" ",2025-06-24T18:15:30-04:00,true
24-forest-waterfall-moss-covered.jpg,"waterfall, forest, moss, green, river, stream, natural, serene, tranquil, misty, overcast, damp, cool, wilderness, nature, landscape"," waterfall, forest, moss, green, river, stream, natural, serene, tranquil, misty, overcast, damp, cool, wilderness, nature, landscape ",2025-06-24T18:15:33-04:00,true
25-dog-playing-in-river.jpg,"dog, brown, wet, standing, river, rocks, forest, outdoor, daytime, natural"," dog, brown, wet, standing, river, rocks, forest, outdoor, daytime, natural ",2025-06-24T18:15:35-04:00,true
26-outdoor-cedar-plank-cooking.jpg,"man, guitar, campfire, tent, chairs, beer, people, outdoor, leisure, socializing, relaxed, casual, daytime, cloudy"," man, guitar, campfire, tent, chairs, beer, people, outdoor, leisure, socializing, relaxed, casual, daytime, cloudy ",2025-06-24T18:15:37-04:00,true
27-woman-mountain-summit-view.jpg,"woman, outdoors, mountain, hiking, exercise, athletic, nature, daytime, clear sky, casual clothing, focused expression"," woman, outdoors, mountain, hiking, exercise, athletic, nature, daytime, clear sky, casual clothing, focused expression ",2025-06-24T18:15:39-04:00,true
28-theatrical-stage-projection-design.jpg,"The image depicts a vibrant and colorful stage performance with a dark background. There are no visible people on stage. The scene is set in what appears to be an underwater environment, possibly a sunken ship or a fantastical underwater city, as suggested by the presence of ruins and the overall atmosphere. The lighting is dim, creating a moody and mysterious ambiance. The mood of the scene can be described as dramatic and intense, with a focus on the intricate details of the stage set and the captivating visuals."," The image depicts a vibrant and colorful stage performance with a dark background. There are no visible people on stage. The scene is set in what appears to be an underwater environment, possibly a sunken ship or a fantastical underwater city, as suggested by the presence of ruins and the overall atmosphere. The lighting is dim, creating a moody and mysterious ambiance. The mood of the scene can be described as dramatic and intense, with a focus on the intricate details of the stage set and the captivating visuals. ",2025-06-24T18:15:44-04:00,true
29-excited-black-brown-dog.jpg,"dog, dachshund, tongue out, mouth open, black and tan, small, sitting on person, indoors, relaxed, casual"," dog, dachshund, tongue out, mouth open, black and tan, small, sitting on person, indoors, relaxed, casual ",2025-06-24T18:15:46-04:00,true
30-woman-smiling-on-boat.jpg,"woman, outdoor, daytime, smiling, casual clothing, standing near water, pier, blue sky, clouds, calm sea, relaxed, leisure"," woman, outdoor, daytime, smiling, casual clothing, standing near water, pier, blue sky, clouds, calm sea, relaxed, leisure ",2025-06-24T18:15:47-04:00,true
31-wildebeest-herd-grazing-savanna.jpg,"animals, wildlife, nature, herd, antelope, zebra, grassland, savannah, daytime, clear sky, peaceful, serene"," animals, wildlife, nature, herd, antelope, zebra, grassland, savannah, daytime, clear sky, peaceful, serene ",2025-06-24T18:15:49-04:00,true
32-urban-fire-smoke-city-skyline.jpg,"smoke, fire, building, cityscape, sky, trees, street, car, traffic light, sidewalk, buildings, urban, daytime, clear, blue sky, no people visible, emergency, destruction"," smoke, fire, building, cityscape, sky, trees, street, car, traffic light, sidewalk, buildings, urban, daytime, clear, blue sky, no people visible, emergency, destruction ",2025-06-24T18:15:50-04:00,true
33-seabird-flying-over-pine-trees.jpg,"bird, sky, tree, forest, nature, wildlife, eagle, flight, outdoor, daytime, clear"," bird, sky, tree, forest, nature, wildlife, eagle, flight, outdoor, daytime, clear ",2025-06-24T18:15:52-04:00,true
34-humpback-whale-breaching-ocean.jpg,"whale, ocean, water, marine life, nature, wildlife, animal, sea mammal, gray, blue, white, splash, swimming, aquatic, coastal, open water, leisure, recreation, adventure, travel, vacation, tourism, photography, sightseeing, relaxation, serenity, excitement, wonder, curiosity, exploration, conservation, education, awareness, environmentally friendly, sustainable, eco-friendly, responsible tourism"," whale, ocean, water, marine life, nature, wildlife, animal, sea mammal, gray, blue, white, splash, swimming, aquatic, coastal, open water, leisure, recreation, adventure, travel, vacation, tourism, photography, sightseeing, relaxation, serenity, excitement, wonder, curiosity, exploration, conservation, education, awareness, environmentally friendly, sustainable, eco-friendly, responsible tourism ",2025-06-24T18:15:54-04:00,true
35-whale-tail-diving-forest-coastline.jpg,"whale, ocean, water, marine life, nature, wildlife, animal, mammal, sea, water body, swimming, leaping, airborne, aquatic, coastal, island, forest, trees, sky, horizon, daytime, clear, bright, vibrant, lively, dynamic, exhilarating, serene, tranquil, majestic, powerful, graceful, awe-inspiring, breathtaking, picturesque, idyllic, captivating, stunning, beautiful, inspiring, adventurous, thrilling, exciting, joyful, peaceful, calm, solitary, wilderness, natural beauty, marine ecosystem, conservation, environmentally friendly, eco-friendly, sustainable, tourism, travel, vacation, recreation, outdoor activity, photography, sightseeing, adventure sports, water sports, wildlife watching, nature appreciation, relaxation, escape, freedom, exploration, discovery, connection with nature, appreciation for the natural world, respect for the environment, awareness of environmental issues, education about marine life and conservation efforts"," whale, ocean, water, marine life, nature, wildlife, animal, mammal, sea, water body, swimming, leaping, airborne, aquatic, coastal, island, forest, trees, sky, horizon, daytime, clear, bright, vibrant, lively, dynamic, exhilarating, serene, tranquil, majestic, powerful, graceful, awe-inspiring, breathtaking, picturesque, idyllic, captivating, stunning, beautiful, inspiring, adventurous, thrilling, exciting, joyful, peaceful, calm, solitary, wilderness, natural beauty, marine ecosystem, conservation, environmentally friendly, eco-friendly, sustainable, tourism, travel, vacation, recreation, outdoor activity, photography, sightseeing, adventure sports, water sports, wildlife watching, nature appreciation, relaxation, escape, freedom, exploration, discovery, connection with nature, appreciation for the natural world, respect for the environment, awareness of environmental issues, education about marine life and conservation efforts ",2025-06-24T18:15:58-04:00,true
36-quiche-held-coastal-landscape.jpg,"food, muffin, handheld, outdoor, natural light, daytime, casual, relaxed, simple, personal"," food, muffin, handheld, outdoor, natural light, daytime, casual, relaxed, simple, personal ",2025-06-24T18:15:59-04:00,true
37-urban-deer-family-crossing-street.jpg,"deer, road, fence, parking lot, cars, building, sign, street light, grass, sidewalk, fence, gate, deer crossing, urban setting, evening, calm"," deer, road, fence, parking lot, cars, building, sign, street light, grass, sidewalk, fence, gate, deer crossing, urban setting, evening, calm ",2025-06-24T18:16:01-04:00,true
38-sunset-reflection-over-water.jpg,"sunset, sky, water, horizon, clouds, calm, serene, peaceful, tranquil, evening, dusk, orange, pink, yellow, blue, green, land, island, silhouette, reflection, light, shadow, twilight, nature, landscape, ocean, beach, boats, dock, pier, sun, moon, stars, horizon line, calm water, peaceful atmosphere"," sunset, sky, water, horizon, clouds, calm, serene, peaceful, tranquil, evening, dusk, orange, pink, yellow, blue, green, land, island, silhouette, reflection, light, shadow, twilight, nature, landscape, ocean, beach, boats, dock, pier, sun, moon, stars, horizon line, calm water, peaceful atmosphere ",2025-06-24T18:16:03-04:00,true
39-orange-sunset-lake-silhouette.jpg,"sunset, ocean, horizon, sky, clouds, water, boat, dock, silhouette, reflection, tranquility, calm, serene, peaceful, picturesque, scenic, nature, evening, dusk, warm colors, orange, yellow, pink, blue, calm sea, horizon line, sun, moon, stars, twilight, quiet, solitude, relaxation, leisure, vacation, holiday, travel, tourism, landscape, coastal, beach, shoreline, waterfront, sunset photography, evening sky, peaceful atmosphere"," sunset, ocean, horizon, sky, clouds, water, boat, dock, silhouette, reflection, tranquility, calm, serene, peaceful, picturesque, scenic, nature, evening, dusk, warm colors, orange, yellow, pink, blue, calm sea, horizon line, sun, moon, stars, twilight, quiet, solitude, relaxation, leisure, vacation, holiday, travel, tourism, landscape, coastal, beach, shoreline, waterfront, sunset photography, evening sky, peaceful atmosphere ",2025-06-24T18:16:05-04:00,true
40-sleeping-dog-close-up-portrait.jpg,"dog, paw, blanket, black, brown, eyes, nose, mouth, tongue, fur, resting, curled up, indoors, cozy, relaxed, comfortable, safe, domestic, pet"," dog, paw, blanket, black, brown, eyes, nose, mouth, tongue, fur, resting, curled up, indoors, cozy, relaxed, comfortable, safe, domestic, pet ",2025-06-24T18:16:07-04:00,true
41-black-dog-on-rocky-riverbed.jpg,"dog, rock, water, beach, sand, grass, tree, forest, river, stream, pond, lake, ocean, shore, coast, sea, land, animal, black, brown, green, blue, red, yellow, white, gray, stone, pebble, gravel, dirt, mud, leaves, bark, wood, log, branch, roots, trunk, wildlife, nature, outdoor, daytime, natural, serene, peaceful, calm, tranquil, quiet, solitary, lone, alone, wilderness, wild, untamed, unspoiled, pristine, secluded, remote, undisturbed, undisturbed, undisturbed, undisturbed, undisturbed, undisturbed, undisturbed, undisturbed, undisturbed, undisturbed, undisturbed, undisturbed, undisturbed, undisturbed, undisturbed, undisturbed, undisturbed, undisturbed, undisturbed, undisturbed, undisturbed, undisturbed, undisturbed, undisturbed, undisturbed, undisturbed, undisturbed, undisturbed, undisturbed, undisturbed, undisturbed, undisturbed, undisturbed, undisturbed, undisturbed, undisturbed, undisturbed, undisturbed, undisturbed, undisturbed, undisturbed, undisturbed, undisturbed, undisturbed, undisturbed, undisturbed, undisturbed, undisturbed, undisturbed, undisturbed, undisturbed, undisturbed, undisturbed, undisturbed, undisturbed, undisturbed, undisturbed, undisturbed, undisturbed, undisturbed, undisturbed, undisturbed, undisturbed, undisturbed, undisturbed, undisturbed, undisturbed, undisturbed, undisturbed, undisturbed, undisturbed, undisturbed, undisturbed, undisturbed, undisturbed, undisturbed, undisturbed, undisturbed, undisturbed, undisturbed, undisturbed, undisturbed, undisturbed, undisturbed, undisturbed, undisturbed, undisturbed, undisturbed, undisturbed, undisturbed, undisturbed, undist"," dog, rock, water, beach, sand, grass, tree, forest, river, stream, pond, lake, ocean, shore, coast, sea, land, animal, black, brown, green, blue, red, yellow, white, gray, stone, pebble, gravel, dirt, mud, leaves, bark, wood, log, branch, roots, trunk, wildlife, nature, outdoor, daytime, natural, serene, peaceful, calm, tranquil, quiet, solitary, lone, alone, wilderness, wild, untamed, unspoiled, pristine, secluded, remote, undisturbed, undisturbed, undisturbed, undisturbed, undisturbed, undisturbed, undisturbed, undisturbed, undisturbed, undisturbed, undisturbed, undisturbed, undisturbed, undisturbed, undisturbed, undisturbed, undisturbed, undisturbed, undisturbed, undisturbed, undisturbed, undisturbed, undisturbed, undisturbed, undisturbed, undisturbed, undisturbed, undisturbed, undisturbed, undisturbed, undisturbed, undisturbed, undisturbed, undisturbed, undisturbed, undisturbed, undisturbed, undisturbed, undisturbed, undisturbed, undisturbed, undisturbed, undisturbed, undisturbed, undisturbed, undisturbed, undisturbed, undisturbed, undisturbed, undisturbed, undisturbed, undisturbed, undisturbed, undisturbed, undisturbed, undisturbed, undisturbed, undisturbed, undisturbed, undisturbed, undisturbed, undisturbed, undisturbed, undisturbed, undisturbed, undisturbed, undisturbed, undisturbed, undisturbed, undisturbed, undisturbed, undisturbed, undisturbed, undisturbed, undisturbed, undisturbed, undisturbed, undisturbed, undisturbed, undisturbed, undisturbed, undisturbed, undisturbed, undisturbed, undisturbed, undisturbed, undisturbed, undisturbed, undisturbed, undisturbed, undisturbed, undist",2025-06-24T18:16:15-04:00,true
42-abandoned-blue-wheelbarrow-forest.jpg,"car, abandoned, rusted, blue, tire, wheel, rocks, dirt, forest, tree, broken, old, discarded, nature, outdoor, overturned, wreckage, debris, junk, vehicle, tires, wheels, metal, rust, colorful, environment"," car, abandoned, rusted, blue, tire, wheel, rocks, dirt, forest, tree, broken, old, discarded, nature, outdoor, overturned, wreckage, debris, junk, vehicle, tires, wheels, metal, rust, colorful, environment ",2025-06-24T18:16:17-04:00,true
43-purple-foxglove-with-raindrops.jpg,"purple flowers, raindrops, droplets, water droplets, petals, leaves, green plants, outdoor setting, natural environment, wet surface, dew, morning, freshness"," purple flowers, raindrops, droplets, water droplets, petals, leaves, green plants, outdoor setting, natural environment, wet surface, dew, morning, freshness ",2025-06-24T18:16:18-04:00,true
44-foxglove-flowers-forest-meadow.jpg,"flowers, purple, green, forest, wildflowers, tall, bushy, natural, vibrant, serene, daytime, outdoor, landscape"," flowers, purple, green, forest, wildflowers, tall, bushy, natural, vibrant, serene, daytime, outdoor, landscape ",2025-06-24T18:16:20-04:00,true
45-hiker-with-dog-forest-trail.jpg,"person, dog, forest, trees, grass, dirt, sign, fence, bench, trail, outdoor, daytime, overcast, casual, relaxed, leisure"," person, dog, forest, trees, grass, dirt, sign, fence, bench, trail, outdoor, daytime, overcast, casual, relaxed, leisure ",2025-06-24T18:16:21-04:00,true
46-aerial-view-coastal-town.jpg,"plane, aerial view, cityscape, suburban neighborhood, houses, streets, cars, trees, sky, clouds, water, mountains, daytime, clear sky, calm atmosphere"," plane, aerial view, cityscape, suburban neighborhood, houses, streets, cars, trees, sky, clouds, water, mountains, daytime, clear sky, calm atmosphere ",2025-06-24T18:16:23-04:00,true
47-office-party-snack-table.jpg,"whiteboard, sign, text, french, bonjour, 1se, snacks, bowls, table, window, curtains, building, skyline, city, daytime, bright, indoor, room, furniture, chair, couch, carpet, floor, wall, decoration, party, celebration, gifts, wrapping paper, blue, green, red, yellow, orange, white, black, glass, vase, flowers, food, snacks, chips, cookies, cake, tablecloth, napkins, utensils, spoon, fork, knife, cup, bowl, plate, decoration, party favors, wrapping paper, gift bags, ribbon, bow, confetti, balloons, party hat, celebration, joy, happiness, festive, cheerful, welcoming, cozy, comfortable, inviting, social, gathering, event, casual, relaxed, informal, friendly, warm, pleasant, enjoyable, leisurely, laid-back, fun, entertaining, lively, vibrant, colorful, cheerful, positive, uplifting, upbeat, spirited, energetic, dynamic, engaging, interactive, communal, shared, communion, connection, bonding, togetherness, unity, harmony, peace, tranquility, serenity, calm, quiet, peaceful, relaxing, soothing, calming, stress-relieving, therapeutic, rejuvenating, refreshing, revitalizing, reinvigorating, reenergizing, recharging, restorative, nourishing, wholesome, healthy, nutritious, delicious, tasty, appetizing, mouthwatering, delectable, visually appealing, aesthetically pleasing, well-arranged, organized, tidy, clean, uncluttered, spacious, open, airy, well-lit, brightly lit, well-ventilated, fresh, natural, outdoor, balcony, railing, fence, gate, door, window, glass, vase, flowers, food, snacks, bowls, table, chair, couch, carpet, floor, wall, decoration, party favors, wrapping paper, gift bags, ribbon, bow, confetti, balloons, party hat, celebration, joy, happiness, festive, cheerful, positive, uplifting,"," ""whiteboard, sign, text, french, bonjour, 1se, snacks, bowls, table, window, curtains, building, skyline, city, daytime, bright, indoor, room, furniture, chair, couch, carpet, floor, wall, decoration, party, celebration, gifts, wrapping paper, blue, green, red, yellow, orange, white, black, glass, vase, flowers, food, snacks, chips, cookies, cake, tablecloth, napkins, utensils, spoon, fork, knife, cup, bowl, plate, decoration, party favors, wrapping paper, gift bags, ribbon, bow, confetti, balloons, party hat, celebration, joy, happiness, festive, cheerful, welcoming, cozy, comfortable, inviting, social, gathering, event, casual, relaxed, informal, friendly, warm, pleasant, enjoyable, leisurely, laid-back, fun, entertaining, lively, vibrant, colorful, cheerful, positive, uplifting, upbeat, spirited, energetic, dynamic, engaging, interactive, communal, shared, communion, connection, bonding, togetherness, unity, harmony, peace, tranquility, serenity, calm, quiet, peaceful, relaxing, soothing, calming, stress-relieving, therapeutic, rejuvenating, refreshing, revitalizing, reinvigorating, reenergizing, recharging, restorative, nourishing, wholesome, healthy, nutritious, delicious, tasty, appetizing, mouthwatering, delectable, visually appealing, aesthetically pleasing, well-arranged, organized, tidy, clean, uncluttered, spacious, open, airy, well-lit, brightly lit, well-ventilated, fresh, natural, outdoor, balcony, railing, fence, gate, door, window, glass, vase, flowers, food, snacks, bowls, table, chair, couch, carpet, floor, wall, decoration, party favors, wrapping paper, gift bags, ribbon, bow, confetti, balloons, party hat, celebration, joy, happiness, festive, cheerful, positive, uplifting,",2025-06-24T18:16:31-04:00,true
48-elephant-art-gallery-display.jpg,"elephant, giraffe, woman, poster, indoor, daytime, neutral"," elephant, giraffe, woman, poster, indoor, daytime, neutral ",2025-06-24T18:16:32-04:00,true
49-restaurant-dinner-gathering.jpg,"people, food, plates, dining table, restaurant, socializing, eating, drinking, utensils, cups, forks, knives, spoons, bowls, sauces, condiments, desserts, candles, ambiance, nighttime, indoor, casual, relaxed, festive, joyful"," people, food, plates, dining table, restaurant, socializing, eating, drinking, utensils, cups, forks, knives, spoons, bowls, sauces, condiments, desserts, candles, ambiance, nighttime, indoor, casual, relaxed, festive, joyful ",2025-06-24T18:16:34-04:00,true
50-war-memorial-statue-night.jpg,"cityscape, nighttime, urban, fountain, statue, illuminated, building, streetlight, pedestrian, public space, architectural, historical, commemorative, evening, calm, well-lit"," cityscape, nighttime, urban, fountain, statue, illuminated, building, streetlight, pedestrian, public space, architectural, historical, commemorative, evening, calm, well-lit ",2025-06-24T18:16:35-04:00,true
51-green-dessert-molecular-spheres.jpg,"food, plate, spoon, green, yellow, white, brown, herbs, spices, garnish, table, kitchen, meal, healthy, colorful, appetizing, presentation, culinary, cooking, dining, tableware, utensil, dish, decoration, seasoning, ingredients, flavor, aroma, texture, taste, cuisine, recipe, chef, restaurant, home-cooked, gourmet, artisan, foodie, food photography, food styling, food blogger, food critic, food enthusiast, food culture, food trends, food industry, food science, food technology, food innovation, food education, food research, food history, food literature, food media, food marketing, food advertising, food packaging, food branding, food product development, food retail, food wholesale, food distribution, food service, food delivery, food takeout, food catering, food events, food festivals, food competitions, food awards, food exhibitions, food fairs, food markets, food shows, food conferences, food seminars, food workshops, food classes, food demonstrations, food lectures, food tastings, food tours, food safaris, food documentaries, food films, food TV shows, food podcasts, food radio shows, food blogs, food websites, food apps, food social media, food influencers, food bloggers, food critics, food photographers, food stylists, food artists, food designers, food illustrators, food writers, food editors, food journalists, food critics, food bloggers, food photographers, food stylists, food artists, food designers, food illustrators, food writers, food editors, food journalists, food critics, food bloggers, food photographers, food stylists, food artists, food designers, food illustrators, food writers, food editors, food journalists, food critics, food bloggers, food photographers, food stylists, food artists, food designers, food illustrators, food writers, food editors, food journalists, food critics, food bloggers, food photographers, food stylists, food artists, food designers, food illustrators, food writers, food editors, food journalists, food critics, food bloggers, food photographers, food stylists, food artists, food designers, food illustrators, food writers, food editors"," food, plate, spoon, green, yellow, white, brown, herbs, spices, garnish, table, kitchen, meal, healthy, colorful, appetizing, presentation, culinary, cooking, dining, tableware, utensil, dish, decoration, seasoning, ingredients, flavor, aroma, texture, taste, cuisine, recipe, chef, restaurant, home-cooked, gourmet, artisan, foodie, food photography, food styling, food blogger, food critic, food enthusiast, food culture, food trends, food industry, food science, food technology, food innovation, food education, food research, food history, food literature, food media, food marketing, food advertising, food packaging, food branding, food product development, food retail, food wholesale, food distribution, food service, food delivery, food takeout, food catering, food events, food festivals, food competitions, food awards, food exhibitions, food fairs, food markets, food shows, food conferences, food seminars, food workshops, food classes, food demonstrations, food lectures, food tastings, food tours, food safaris, food documentaries, food films, food TV shows, food podcasts, food radio shows, food blogs, food websites, food apps, food social media, food influencers, food bloggers, food critics, food photographers, food stylists, food artists, food designers, food illustrators, food writers, food editors, food journalists, food critics, food bloggers, food photographers, food stylists, food artists, food designers, food illustrators, food writers, food editors, food journalists, food critics, food bloggers, food photographers, food stylists, food artists, food designers, food illustrators, food writers, food editors, food journalists, food critics, food bloggers, food photographers, food stylists, food artists, food designers, food illustrators, food writers, food editors, food journalists, food critics, food bloggers, food photographers, food stylists, food artists, food designers, food illustrators, food writers, food editors, food journalists, food critics, food bloggers, food photographers, food stylists, food artists, food designers, food illustrators, food writers, food editors",2025-06-24T18:16:44-04:00,true
52-rose-shaped-dessert-edible-flower.jpg,"dessert, cake, swirl, frosting, chocolate, cream, whipped cream, decoration, plate, table, food, sweet, dessert, pastry, icing, cake, dessert, cake, dessert, cake, dessert, cake, dessert, cake, dessert, cake, dessert, cake, dessert, cake, dessert, cake, dessert, cake, dessert, cake, dessert, cake, dessert, cake, dessert, cake, dessert, cake, dessert, cake, dessert, cake, dessert, cake, dessert, cake, dessert, cake, dessert, cake, dessert, cake, dessert, cake, dessert, cake, dessert, cake, dessert, cake, dessert, cake, dessert, cake, dessert, cake, dessert, cake, dessert, cake, dessert, cake, dessert, cake, dessert, cake, dessert, cake, dessert, cake, dessert, cake, dessert, cake, dessert, cake, dessert, cake, dessert, cake, dessert, cake, dessert, cake, dessert, cake, dessert, cake, dessert, cake, dessert, cake, dessert, cake, dessert, cake, dessert, cake, dessert, cake, dessert, cake, dessert, cake, dessert, cake, dessert, cake, dessert, cake, dessert, cake, dessert, cake, dessert, cake, dessert, cake, dessert, cake, dessert, cake, dessert, cake, dessert, cake, dessert, cake, dessert, cake, dessert, cake, dessert, cake, dessert, cake, dessert, cake, dessert, cake, dessert, cake, dessert, cake, dessert, cake, dessert, cake, dessert, cake, dessert, cake, dessert, cake, dessert, cake, dessert, cake, dessert, cake, dessert, cake, dessert, cake, dessert, cake, dessert, cake, dessert, cake, dessert, cake, dessert, cake, dessert, cake, dessert, cake, dessert, cake, dessert, cake, dessert,"," dessert, cake, swirl, frosting, chocolate, cream, whipped cream, decoration, plate, table, food, sweet, dessert, pastry, icing, cake, dessert, cake, dessert, cake, dessert, cake, dessert, cake, dessert, cake, dessert, cake, dessert, cake, dessert, cake, dessert, cake, dessert, cake, dessert, cake, dessert, cake, dessert, cake, dessert, cake, dessert, cake, dessert, cake, dessert, cake, dessert, cake, dessert, cake, dessert, cake, dessert, cake, dessert, cake, dessert, cake, dessert, cake, dessert, cake, dessert, cake, dessert, cake, dessert, cake, dessert, cake, dessert, cake, dessert, cake, dessert, cake, dessert, cake, dessert, cake, dessert, cake, dessert, cake, dessert, cake, dessert, cake, dessert, cake, dessert, cake, dessert, cake, dessert, cake, dessert, cake, dessert, cake, dessert, cake, dessert, cake, dessert, cake, dessert, cake, dessert, cake, dessert, cake, dessert, cake, dessert, cake, dessert, cake, dessert, cake, dessert, cake, dessert, cake, dessert, cake, dessert, cake, dessert, cake, dessert, cake, dessert, cake, dessert, cake, dessert, cake, dessert, cake, dessert, cake, dessert, cake, dessert, cake, dessert, cake, dessert, cake, dessert, cake, dessert, cake, dessert, cake, dessert, cake, dessert, cake, dessert, cake, dessert, cake, dessert, cake, dessert, cake, dessert, cake, dessert, cake, dessert, cake, dessert, cake, dessert, cake, dessert, cake, dessert, cake, dessert, cake, dessert, cake, dessert, cake, dessert, cake, dessert, cake, dessert, cake, dessert,",2025-06-24T18:16:52-04:00,true
53-mountain-restaurant-couple-dining.jpg,"person, couple, outdoor, restaurant, mountain, snow, daytime, happy, relaxed, social"," person, couple, outdoor, restaurant, mountain, snow, daytime, happy, relaxed, social ",2025-06-24T18:16:53-04:00,true
54-family-birthday-lunch-patio.jpg,"people, restaurant, dining table, food, drinks, socializing, casual, relaxed, friends, family, indoor, evening"," people, restaurant, dining table, food, drinks, socializing, casual, relaxed, friends, family, indoor, evening ",2025-06-24T18:16:54-04:00,true
55-mountain-restaurant-group-dining.jpg,"social gathering, dining table, drinks, restaurant, group photo, outdoor setting, daytime, casual attire, relaxed atmosphere"," social gathering, dining table, drinks, restaurant, group photo, outdoor setting, daytime, casual attire, relaxed atmosphere ",2025-06-24T18:16:56-04:00,true
56-summit-selfie-sunny-snowboard.jpg,"sunny, mountain, peak, snow, sky, clouds, outdoor, adventure, hiking, smiling, raincoat, hoodie, sunglasses, blue, green, white, black, grey"," sunny, mountain, peak, snow, sky, clouds, outdoor, adventure, hiking, smiling, raincoat, hoodie, sunglasses, blue, green, white, black, grey ",2025-06-24T18:16:57-04:00,true
57-mountain-hut-group-window-view.jpg,"hiking, mountain, snow, peak, group, friends, outdoor, nature, adventure, cold, winter, smiling, happy, tourism, travel, vacation, landscape, scenic, sky, clouds, daytime"," hiking, mountain, snow, peak, group, friends, outdoor, nature, adventure, cold, winter, smiling, happy, tourism, travel, vacation, landscape, scenic, sky, clouds, daytime ",2025-06-24T18:16:59-04:00,true
58-rustic-alpine-restaurant-group.jpg,"group, restaurant, dining, friends, socializing, smiling, casual, indoor, evening"," group, restaurant, dining, friends, socializing, smiling, casual, indoor, evening ",2025-06-24T18:17:00-04:00,true
